{"cameraMode":{"drawMode":0,"name":"Shaded","section":"Shading Mode"},"sceneLighting":true,"audioPlay":false,"sceneViewState":{"showFog":false,"showMaterialUpdate":false,"showSkybox":false,"showFlares":false,"showImageEffects":false,"showParticleSystems":false},"in2DMode":false,"pivot":{"x":-2.1505367755889894,"y":-3.4289393424987795,"z":0.7783429622650147},"rotation":{"x":-0.24131716787815095,"y":0.7492614388465881,"z":-0.36222538352012637,"w":-0.49918070435523989},"size":6.31575870513916,"orthographic":false}