{"cameraMode":{"drawMode":0,"name":"Shaded","section":"Shading Mode"},"sceneLighting":false,"audioPlay":false,"sceneViewState":{"showFog":false,"showMaterialUpdate":false,"showSkybox":false,"showFlares":false,"showImageEffects":false,"showParticleSystems":false},"in2DMode":false,"pivot":{"x":0.1475508213043213,"y":0.55909663438797,"z":0.8686510324478149},"rotation":{"x":-0.17780707776546479,"y":0.5624204277992249,"z":-0.12536081671714784,"w":-0.7977197170257568},"size":1.7147303819656373,"orthographic":false}