{"cameraMode":{"drawMode":0,"name":"Shaded","section":"Shading Mode"},"sceneLighting":false,"audioPlay":false,"sceneViewState":{"showFog":false,"showMaterialUpdate":false,"showSkybox":false,"showFlares":false,"showImageEffects":false,"showParticleSystems":false},"in2DMode":false,"pivot":{"x":10.766029357910157,"y":3.3249244689941408,"z":6.4630889892578129},"rotation":{"x":0.490584135055542,"y":0.24212124943733216,"z":0.14404737949371339,"w":-0.8245948553085327},"size":1.7147305011749268,"orthographic":false}