{"cameraMode":{"drawMode":0,"name":"Shaded","section":"Shading Mode"},"sceneLighting":false,"audioPlay":false,"sceneViewState":{"showFog":false,"showMaterialUpdate":false,"showSkybox":false,"showFlares":false,"showImageEffects":false,"showParticleSystems":false},"in2DMode":false,"pivot":{"x":-0.11190718412399292,"y":-0.3962751626968384,"z":0.8512135744094849},"rotation":{"x":-0.30331936478614809,"y":0.58187335729599,"z":-0.2475988268852234,"w":-0.712824285030365},"size":1.7147303819656373,"orthographic":false}